ns,el2s,eoc_l2,eh1s,eoc_eh1,ehs_energy,eoc_eh_energy,cond_numbers,ndofs
8.0,0.054619001609998385,NaN,0.3776871568195707,NaN,6.999978365256079,NaN,132379.47167938625,241.0
16.0,0.015716202728848713,1.7971502602146359,0.11976902621071289,1.6569368689135549,3.2743875983085218,1.0961253554260895,1.0349195427997049e6,681.0
32.0,0.004007628886268737,1.971431859218436,0.03158012740613258,1.9231659604283642,1.5351381077617412,1.0928566551074101,7.619802489699214e6,2345.0
64.0,0.0009967333443201627,2.007469420812951,0.007845513993788928,2.0090771189479324,0.743297679903569,1.0463564426402028,5.9137832307514e7,8865.0
128.0,0.00024718282130521766,2.0116291102002966,0.0019391580051184958,2.0164376066206353,0.36738754679555974,1.016637380099379,4.644198940891517e8,34225.0
256.0,6.116835926685682e-5,2.0147209984427934,0.000482009327972037,2.0082973896499072,0.18057435473305927,1.0247097097180844,3.6785776043497524e9,134217.0
