ns,el2s,eoc_l2,eh1s,eoc_eh1,ehs_energy,eoc_eh_energy,cond_numbers,ndofs
8.0,0.054479173151321704,NaN,0.411042158558111,NaN,6.071480010340984,NaN,201885.01424327295,241.0
16.0,0.015957945321599942,1.77142989912083,0.12467701053064148,1.7210909036142095,2.965106351381787,1.033964385188416,1.5629780423254557e6,681.0
32.0,0.004045240427801049,1.9799775516124185,0.03226358503305591,1.950216807494915,1.4592414794692108,1.022865207443937,1.1509368886463888e7,2345.0
64.0,0.0009978981227829601,2.0192610105464968,0.007926625341180351,2.025128062471111,0.7221042479145499,1.0149396097317538,8.932612187464495e7,8865.0
128.0,0.000247593671803935,2.010918094269103,0.001950899816217354,2.02256709406995,0.3597390887591464,1.0052562002167058,7.013479424096624e8,34225.0
256.0,6.11239215716293e-5,2.0181654299911744,0.0004840497943248078,2.0109123230538675,0.1789867760062875,1.0070979277832615,5.555967570165516e9,134217.0
