ns,el2s,eoc_l2,eh1s,eoc_eh1,ehs_energy,eoc_eh_energy,cond_numbers,ndofs
8.0,0.13861479030073218,NaN,0.7319078347450203,NaN,7.447991568397774,NaN,167208.384826971,183.0
16.0,0.033904648174411654,2.031526223297758,0.20032419325193007,1.8693253223785222,3.8054805123485105,0.9687728074928557,920448.6185551798,477.0
32.0,0.010134612448614898,1.7421921532470799,0.0494891124091568,2.0171535939578313,1.829388472988692,1.056717166420428,6.616846029424679e6,1571.0
64.0,0.0027486064061195904,1.8825186843941084,0.012141551787082353,2.0271583462943603,0.8956583233649944,1.0303410841668472,5.0017556402858e7,5617.0
128.0,0.0007010028959569863,1.9712080217841317,0.0030545723747044196,1.9909104923071415,0.4440755818643088,1.012143231661425,3.862847937565272e8,20949.0
256.0,0.00022433078766507486,1.6437927715107912,0.0008207835753452756,1.8958966572261533,0.2209770517907423,1.0069086896232862,3.038193141505627e9,81051.0
