ns,el2s,eh1s,ehs_energy,cond_numbers,ndofs
8,0.18019049407446375,1.881874883241552,26.102222757838472,1.8851570940190344e6,169.0
16,0.04177606204937243,0.48014607304630436,11.913391584208117,2.4571166270648018e7,577.0
32,0.00989769621867229,0.11862886236137116,5.708254437216447,3.959250520010996e8,2033.0
64,0.00225390776699163,0.02905336549903754,2.8065265289024106,6.146743318928661e9,7601.0
128,0.000539780930398411,0.00694997834868086,1.3909582834687138,9.485444837977643e10,29345.0
256,0.00013240952150177698,0.001700205982938234,0.6930152396783583,1.4884759734529248e12,115161.0
512,3.272374868036561e-5,0.0004185186326784545,0.34579492538844475,2.3589458590134953e13,456449.0
1024,1.4011572856077892e-5,0.0001082514705336375,0.17273970764611848,3.731847391281865e14,1.816849e6
