ns,el2s,eoc_l2,eh1s,eoc_eh1,ehs_energy,eoc_eh_energy,cond_numbers,ndofs
8.0,0.06566995125368327,NaN,0.3863715391529658,NaN,5.006518458596518,NaN,354101.38625805994,183.0
16.0,0.017165081658647125,1.9357566637608836,0.10639716126930114,1.8605291669736657,2.468089766023179,1.020412832324668,2.183629292725837e6,477.0
32.0,0.004163831236246534,2.0434932193455895,0.023975250406537765,2.149841871026101,1.1846311425619562,1.0589569486915742,1.5822036568011494e7,1571.0
64.0,0.0011448838627634726,1.8627103376340421,0.005948803367713945,2.010874486156094,0.5867470680408222,1.0136272857318311,1.1966183001811394e8,5617.0
128.0,0.00034576242272842827,1.7273482671836415,0.0016091949257103406,1.886260398283931,0.29170513525751174,1.008227943598144,9.245682140248578e8,20949.0
256.0,0.00011667292756295975,1.5673112449526403,0.00045257297055372977,1.8301167649780674,0.14532352691509007,1.0052424994235583,7.273601739582713e9,81051.0
