ns,el2s,eoc_l2,eh1s,eoc_eh1,ehs_energy,eoc_eh_energy,cond_numbers,ndofs
8.0,0.06566995125370377,NaN,0.3863715391529977,NaN,5.0065184585965445,NaN,354101.386252522,183.0
16.0,0.01716508165857416,1.9357566637674666,0.10639716126899948,1.8605291669778754,2.4680897660230787,1.0204128323247343,2.1836292929648506e6,477.0
32.0,0.004163831236768473,2.043493219158614,0.023975250407448998,2.1498418709671774,1.184631142561762,1.0589569486917518,1.5822036571090888e7,1571.0
64.0,0.0011448838501043222,1.8627103537669776,0.005948803347222858,2.010874491180395,0.5867470680454023,1.0136272857203328,1.196618303490503e8,5617.0
128.0,0.0003457623939118864,1.7273483714686861,0.001609194965422633,1.8862603577111148,0.2917051352752053,1.0082279435218982,9.245683783905343e8,20949.0
256.0,0.00011666777528434532,1.5673748355616335,0.00045255901270635225,1.8301612955668254,0.14532353175881113,1.005242451425168,7.273841342389039e9,81051.0
