ns,el2s,eoc_l2,eh1s,eoc_eh1,ehs_energy,eoc_eh_energy,cond_numbers,ndofs
8.0,0.09840558451140964,NaN,0.672003215630992,NaN,7.206396731279625,NaN,114617.87892381515,153.0
16.0,0.022522239199709016,2.1273899209824423,0.18069911663314397,1.8948786830700164,3.797683922388829,0.9241582417931699,741202.457051814,497.0
32.0,0.005902661545159941,1.9319127437098802,0.04865409016935307,1.89295645619989,1.8440397051934747,1.0422501166639977,6.136989585245888e6,1593.0
64.0,0.0014741851165057825,2.0014479229059776,0.01200757296506821,2.0186165168743653,0.9018317709093908,1.031939478555971,4.663933027951591e7,5785.0
128.0,0.00035796890549574887,2.0420115178267175,0.002927881181667526,2.0360156623282983,0.44883716078297764,1.006666209408445,3.659085584288992e8,22321.0
256.0,8.79297513466061e-5,2.025410980978828,0.0007202689683520343,2.0232493533140423,0.22292107016553922,1.0096591421944767,2.894364146743644e9,87209.0
