ns,el2s,eoc_l2,eh1s,eoc_eh1,ehs_energy,eoc_eh_energy,cond_numbers,ndofs
8.0,0.03416172722417903,NaN,0.22991190800166875,NaN,3.2563573675950956,NaN,325038.1045580624,153.0
16.0,0.00987031626692048,1.7912127020721207,0.06190261845729547,1.893008849292467,1.6315198880459312,0.997042462435322,2.0120964811659856e6,393.0
32.0,0.002364583311535664,2.0615103393147596,0.01613111001947578,1.9401547190482,0.8235328392470354,0.9863184886199672,1.4157904940220887e7,1409.0
64.0,0.000596686631864088,1.98654061296671,0.004102541513836541,1.9752558795017963,0.4163663271884542,0.9839727818783104,1.2051107489424813e8,5089.0
128.0,0.0001465440184186551,2.0256393733721527,0.0010271017350437848,1.997938843976884,0.20642288257977168,1.0122504916307664,9.420902923371389e8,19481.0
256.0,3.712178569820925e-5,1.980996065486836,0.00025775220610872393,1.9945224077158732,0.1031122881028104,1.001386634709593,7.427727890130736e9,75897.0
