ns,el2s,eoc_l2,eh1s,eoc_eh1,ehs_energy,eoc_eh_energy,cond_numbers,ndofs
8.0,0.04857433872741479,NaN,0.38443950563987184,NaN,4.969184629638115,NaN,293402.39371343283,153.0
16.0,0.013126074836935406,1.8877587920311238,0.09942593671451058,1.9510624432923438,2.3653544691272455,1.07095274581703,1.9938855631073317e6,393.0
32.0,0.0028734623978300387,2.191573488329656,0.023135001586280502,2.1035450512313454,1.172306527536794,1.0127065541231919,1.4124926276282676e7,1409.0
64.0,0.0007163610615442332,2.004031344599776,0.005769732268234052,2.003500917384654,0.5845469137392075,1.0039591258632494,1.2033436702861454e8,5089.0
128.0,0.0001748953460816843,2.034195020414835,0.0014211530658905726,2.021442426298788,0.2907073610992429,1.0077512122760892,9.408152180876266e8,19481.0
256.0,4.379976628532444e-5,1.9974968232739119,0.00035385706887412955,2.0058233041335103,0.14507853966870418,1.0027334742880496,7.417671053156851e9,75897.0
