ns,el2s,eoc_l2,eh1s,eoc_eh1,ehs_energy,eoc_eh_energy,cond_numbers,ndofs
8,0.13861479030063467,NaN,0.7319078347449622,NaN,7.447991568397752,NaN,167208.3848262339,183.0
16,0.033904648174406395,2.031526223296967,0.20032419325192785,1.8693253223784239,3.8054805123485265,0.9687728074928452,920448.6185255724,477.0
32,0.010134612440432988,1.7421921544115777,0.04948911240169744,2.0171535941752694,1.8293884729885441,1.0567171664205508,6.616846048133955e6,1571.0
64,0.002748606503916748,1.882518631897384,0.012141551878967032,2.027158335158898,0.8956583233647217,1.0303410841671699,5.001755480450954e7,5617.0
128,0.0007010028927619163,1.9712080796917304,0.0030545723738973182,1.99091050360635,0.44407558186780705,1.0121432316496206,3.862848191943112e8,20949.0
256,0.00022433041598161232,1.6437951552728665,0.0008207832634208792,1.8958972051159946,0.22097705187151748,1.0069086891072936,3.038194268248129e9,81051.0
