hs_str,ns,el2s,eoc_l2,eh1s,eoc_eh1,ehs_energy,eoc_eh_energy,cond_numbers,ndofs
1/8,8,0.13861479030053453,NaN,0.7319078347449602,NaN,7.447991568397777,NaN,167208.38482688603,183.0
1/16,16,0.033904648174419176,2.031526223295381,0.20032419325200068,1.8693253223778952,3.805480512348551,0.9687728074928408,920448.6185158852,477.0
1/32,32,0.010134612446224234,1.7421921535877192,0.04948911240693113,2.0171535940232226,1.8293884729886587,1.0567171664204698,6.616846030188056e6,1571.0
1/64,64,0.002748606417428855,1.882518678117756,0.012141551794800936,2.0271583453123334,0.8956583233641803,1.0303410841681324,5.001755496012696e7,5617.0
1/128,128,0.0007010028927619163,1.971208034295761,0.0030545723738973182,1.9909104936054858,0.44407558186780705,1.0121432316487486,3.862848191943112e8,20949.0
1/256,256,0.00022433153576848584,1.643787953810995,0.0008207844251443018,1.8958951631500958,0.2209770518441819,1.0069086892857597,3.0381946818884664e9,81051.0
