ns,el2s,eoc_l2,eh1s,eoc_eh1,ehs_energy,eoc_eh_energy,cond_numbers,ndofs
8.0,0.8458498003954817,NaN,2.170815593571824,NaN,79.09254012071801,NaN,541552.6282325168,241.0
16.0,0.012831771465586507,6.042609245438939,0.08235627439922844,4.720214799509293,2.4003774729971097,5.042208427693731,1.0542028175998374e6,681.0
32.0,0.0034713670479589627,1.886144529735698,0.021927284132063154,1.9091514335141808,1.091163245957471,1.1373943401878077,7.642884739513433e6,2345.0
64.0,0.0008364929458051067,2.053078638729632,0.005592000589321558,1.9712907159942965,0.6168199484909705,0.8229456263529006,5.927194200426963e7,8865.0
128.0,0.0002087940819847498,2.0022725529370877,0.0014100480501028929,1.9876201866802656,0.26857818922215815,1.1995072733013967,4.653699637415654e8,34225.0
256.0,5.380809526471142e-5,1.956185677728527,0.00035478815743435134,1.9907145666092416,0.1291671151311683,1.0561033320422486,3.6860931128255296e9,134217.0
