ns,el2s,eh1s,ehs_energy,cond_numbers,ndofs
8,0.7469939101665747,3.8990280159484025,39.26954053797233,3.3526780690690703e6,183.0
16,0.1866280752298978,1.0417946824504614,17.856139602906108,3.4767230937640324e7,477.0
32,0.04485247449637943,0.23291383567850846,7.423274956452647,4.582619806836924e8,1571.0
64,0.011384049486950962,0.050118523079940976,3.36339847594952,6.553429538628787e9,5617.0
128,0.0021178388319760206,0.01022101540649036,1.6210647726312095,9.77840089636582e10,20949.0
256,0.0004795584518788555,0.0022420049177010715,0.7967873728486162,1.513068029357354e12,81051.0
512,0.00015105890702653147,0.0005617522064108456,0.3952095661941527,2.377840942069857e13,318545.0
