ns,el2s,eh1s,ehs_energy,cond_numbers,ndofs
8,0.13293793116891867,0.7716694119117725,7.424200776218203,143628.6098242981,169.0
16,0.023160929401744336,0.19268714617829655,3.770475464917948,1.0179645871856058e6,577.0
32,0.006821378077909055,0.05849655684612708,1.845448557500809,8.71193626635941e6,2033.0
64,0.0014940191921137594,0.013208301827320414,0.8623698190979185,6.997054088056175e7,7601.0
128,0.0003388607345497513,0.0028239456460042384,0.4081196451826985,5.495360605789406e8,29345.0
256,7.877274820970789e-5,0.0006368780155978037,0.1984746044211621,4.353127876841217e9,115161.0
512,2.3720684528349646e-5,0.0001517029670727517,0.09769338089019901,3.465157980556458e10,456449.0
