ns,el2s,eoc_l2,eh1s,eoc_eh1,ehs_energy,eoc_eh_energy,cond_numbers,ndofs
8,0.09840558451147005,NaN,0.6720032156310092,NaN,7.206396731279573,NaN,114617.87892450395,153.0
16,0.022522239199709016,2.1273899209833282,0.18069911663314397,1.8948786830700535,3.797683922388829,0.9241582417931593,741202.457051814,497.0
32,0.005902661548832084,1.9319127428123557,0.048654090169189326,1.8929564562047454,1.8440397051913417,1.0422501166656664,6.136989607553512e6,1593.0
64,0.0014741851989089915,2.001447843160511,0.012007572982408265,2.0186165147861237,0.9018317708960517,1.0319394785756415,4.66393317647605e7,5785.0
128,0.00035796898094603215,2.042011294388163,0.0029278811457384975,2.036015682115488,0.44883716076937075,1.0066662094308427,3.659085606440721e8,22321.0
256,8.792940125978276e-5,2.025417029072174,0.0007202691458858722,2.023248980010918,0.2229210702114232,1.0096591418537895,2.8943639568318954e9,87209.0
