hs_str,ns,el2s,eoc_l2,eh1s,eoc_eh1,ehs_energy,eoc_eh_energy,cond_numbers,ndofs
1/8,8,0.09840558451147005,NaN,0.6720032156310092,NaN,7.206396731279573,NaN,114617.87892450395,153.0
1/16,16,0.022522239199735363,2.1273899209816403,0.1806991166331781,1.8948786830697812,3.7976839223887633,0.9241582417931843,741202.4570035015,497.0
1/32,32,0.005902661545244028,1.931912743691016,0.04865409016934521,1.8929564562003955,1.8440397051934272,1.0422501166640097,6.136989585597748e6,1593.0
1/64,64,0.0014741852017010981,2.001447839551074,0.01200757298032371,2.0186165150412023,0.9018317708952833,1.0319394785785023,4.66393317670654e7,5785.0
1/128,128,0.0003579699166935185,2.0420075258539385,0.002927881168780145,2.036015670511404,0.44883716063504175,1.0066662098613866,3.659087943237229e8,22321.0
1/256,256,8.792964044121871e-5,2.025416875992771,0.0007202690621909784,2.0232491590049557,0.2229210701711747,1.0096591416824956,2.894361010949339e9,87209.0
