ns,el2s,eoc_l2,eh1s,eoc_eh1,ehs_energy,eoc_eh_energy,cond_numbers,ndofs
8.0,0.8458498003901381,NaN,2.1708155935586215,NaN,79.09254012023548,NaN,541552.6469794654,241.0
16.0,0.012831771465658713,6.0426092454217075,0.08235627439926796,4.720214799499826,2.400377472997038,5.042208427684972,1.0542028175271652e6,681.0
32.0,0.003471367055922951,1.8861445264339947,0.021927284136509885,1.9091514332223027,1.0911632459550702,1.1373943401909388,7.642884735181277e6,2345.0
64.0,0.0008364929380130187,2.0530786554784277,0.005592000578494281,1.9712907190802251,0.6168199484647423,0.8229456264110723,5.927194213816196e7,8865.0
128.0,0.00020879409431677143,2.0022724542881036,0.001410048048539148,1.9876201854868578,0.26857818915783854,1.1995072735855503,4.6536997197635704e8,34225.0
256.0,5.380554028783142e-5,1.9562542682437645,0.0003547866400086445,1.9907207354159913,0.12916711539659517,1.0561033287321397,3.686093998304118e9,134217.0
