ns,el2s,eh1s,ehs_energy,cond_numbers,ndofs
8,0.7469939101656978,3.8990280159482107,39.26954053797231,3.3526780691030007e6,183.0
16,0.18662807522910746,1.0417946824502833,17.856139602906307,3.476723093753692e7,477.0
32,0.0448524745001533,0.23291383568168286,7.423274956453917,4.5826198087388605e8,1571.0
64,0.011384049475537351,0.050118523066074935,3.363398475946401,6.553429501143464e9,5617.0
128,0.0021178386689100024,0.010221015268411454,1.6210647726138085,9.778399476155298e10,20949.0
256,0.0004795499625564333,0.002241993530885722,0.7967873723332111,1.5130703437980957e12,81051.0
512,0.00015154097939934014,0.0005622891092330322,0.39520958170507925,2.3783889343899363e13,318545.0
1024,5.229845163222431e-5,0.00015991739720249654,0.19687003098693523,3.771914726492827e14,1.262951e6
