ns,el2s,eh1s,ehs_energy,cond_numbers,ndofs
8,0.18019049407446225,1.8818748832415522,26.102222757838472,1.8851570940286592e6,169.0
16,0.041776062050087534,0.4801460730465717,11.913391584208176,2.457116627034626e7,577.0
32,0.009897696220071538,0.11862886236198711,5.708254437216519,3.9592505205077565e8,2033.0
64,0.0022539077544817317,0.029053365492993442,2.8065265289018133,6.14674330503894e9,7601.0
128,0.0005397808996183382,0.006949978049909556,1.390958283444118,9.485452363751663e10,29345.0
256,0.00013240761857581185,0.00170020068412607,0.6930152394802741,1.488500398702017e12,115161.0
512,3.273726696700602e-5,0.0004185224870410995,0.34579492539150053,2.3589426066844355e13,456449.0
