ns,el2s,eh1s,ehs_energy,cond_numbers,ndofs
8,0.17202868958766235,0.8864367109218991,7.931539420627067,242580.36600653667,183.0
16,0.0546640056006198,0.28646004737998776,3.9228708279446924,1.5781188899018108e6,477.0
32,0.012889531039607,0.06125912876318865,1.6462809123968951,1.1473606503173603e7,1571.0
64,0.0027235455816426476,0.012857464456232159,0.7433652785416406,8.67758411208953e7,5617.0
128,0.0007212195694946446,0.002840831837370833,0.35419088811780136,6.70481039528904e8,20949.0
256,0.0001832696154624034,0.0006788642129717484,0.17215801302217887,5.274535913015007e9,81051.0
512,5.257650492118204e-5,0.0001661320388310199,0.08476057336162787,4.181240609272746e10,318545.0
