ns,el2s,eoc_l2,eh1s,eoc_eh1,ehs_energy,eoc_eh_energy,cond_numbers,ndofs
8.0,0.048574338727388845,NaN,0.3844395056398275,NaN,4.969184629638117,NaN,293402.3937192783,153.0
16.0,0.013126074836755033,1.8877587920501777,0.0994259367142982,1.9510624432952592,2.3653544691271975,1.0709527458170598,1.9938855631819135e6,393.0
32.0,0.0028734623758548245,2.1915734993430473,0.023135001563540883,2.1035450526463024,1.1723065275367128,1.0127065541232627,1.4124926387158668e7,1409.0
64.0,0.0007163610682588147,2.004031320043919,0.005769732267301109,2.0035009161998927,0.5845469137384691,1.0039591258649718,1.2033436931761515e8,5089.0
128.0,0.00017489603996938025,2.0341893101353596,0.0014211537351550222,2.021441746656445,0.29070736110272244,1.0077512122569987,9.408151249433196e8,19481.0
256.0,4.3678813538199146e-5,2.0014920503352194,0.00035373657839381586,2.0063153136181744,0.14507853947450808,1.0027334762364493,7.417902773013441e9,75897.0
