ns,el2s,eh1s,ehs_energy,cond_numbers,ndofs
8,0.1786123712821028,1.875795347934765,26.16968104476466,1.8855785853744303e6,169.0
16,0.038644947655226136,0.475856282170078,11.928804161283171,2.457095044144158e7,577.0
32,0.009127774348082682,0.11696924139879772,5.710074204166452,3.940046351273688e8,2033.0
64,0.002185541896939916,0.028655306235220564,2.8067545242047762,6.146698894998377e9,7601.0
128,0.0005265553342003825,0.0068702390988027206,1.3910287705325208,9.485351160906848e10,29345.0
256,0.0001293181160260665,0.001683286234451497,0.6930329020125815,1.4884165307539531e12,115161.0
512,3.210478083835641e-5,0.00041457632061992655,0.34579918853976266,2.3599146919584145e13,456449.0
