ns,el2s,eoc_l2,eh1s,eoc_eh1,ehs_energy,eoc_eh_energy,cond_numbers,ndofs
8,0.10078031028284659,NaN,0.6799159653320234,NaN,7.174644710894897,NaN,115482.60758280648,153.0
16,0.02440277421598906,2.0460967289847867,0.18715264905988313,1.8611409774550685,3.7924396739877633,0.9197811593295008,742904.0037081762,497.0
32,0.0063716695779380194,1.9373018104738338,0.05069188652226603,1.884388708458983,1.8429380866405563,1.0411186272719017,6.1370661969376085e6,1593.0
64,0.0015546740916943897,2.0350592754624754,0.012464858680291709,2.023888329057507,0.9016171551751352,1.0314207333454777,4.6641456180525936e7,5785.0
128,0.0003822681683946467,2.0239552014951094,0.0030392117126268516,2.0360974442890805,0.4487522853033347,1.006595680115877,3.659662644888114e8,22321.0
256,9.504484770963874e-5,2.0079047444618796,0.0007480555146040391,2.022479932732152,0.22290102823706018,1.0095160142524062,2.894480347220474e9,87209.0
