ns,el2s,eoc_l2,eh1s,eoc_eh1,ehs_energy,eoc_eh_energy,cond_numbers,ndofs
8.0,0.10078031028281335,NaN,0.6799159653320132,NaN,7.174644710894931,NaN,115482.60758225313,153.0
16.0,0.024402774215899967,2.046096728989578,0.1871526490597233,1.8611409774562793,3.792439673987694,0.9197811593295339,742904.0036899233,497.0
32.0,0.006371669578680038,1.9373018103005564,0.05069188652308375,1.8843887084344784,1.8429380866409888,1.041118627271537,6.137066198013541e6,1593.0
64.0,0.0015546741552096618,2.035059216690051,0.012464858768286399,2.0238883188961876,0.9016171552123923,1.0314207332862007,4.6641454003740326e7,5785.0
128.0,0.0003822681954459354,2.0239551583429245,0.003039211757635608,2.036097433108294,0.44875228530779593,1.0065956801611506,3.6596625843521094e8,22321.0
256.0,9.506280448375207e-5,2.0076323046684483,0.0007480698118961155,2.022452380695741,0.22290102926822428,1.0095160075926863,2.89446960720247e9,87209.0
