hs_str,ns,el2s,eoc_l2,eh1s,eoc_eh1,ehs_energy,eoc_eh_energy,cond_numbers,ndofs
1/8,8,0.10078031028281335,NaN,0.6799159653320132,NaN,7.174644710894931,NaN,115482.60758225313,153.0
1/16,16,0.02440277421566272,2.046096729003604,0.18715264905963083,1.8611409774569918,3.7924396739875013,0.9197811593296072,742904.0037746165,497.0
1/32,32,0.006371669575854557,1.9373018109262852,0.050691886520474336,1.8843887085080298,1.8429380866392666,1.041118627272812,6.1370661974789e6,1593.0
1/64,64,0.0015546741526883063,2.035059218390045,0.012464858766786104,2.023888318995569,0.9016171552106201,1.0314207332876881,4.664145395998933e7,5785.0
1/128,128,0.00038226830819794303,2.023954730472775,0.00303921184744372,2.036097390303293,0.44875228532701045,1.006595680096542,3.659662849855786e8,22321.0
1/256,256,9.504471428074526e-5,2.0079072974165473,0.0007480553630213397,2.0224802890703315,0.222901028229474,1.0095160143776218,2.8944815428364573e9,87209.0
