ns,el2s,eoc_l2,eh1s,eoc_eh1,ehs_energy,eoc_eh_energy,cond_numbers,ndofs
8.0,0.03416172722427452,NaN,0.2299119080017587,NaN,3.2563573675950517,NaN,325038.10454907117,153.0
16.0,0.009870316270522922,1.791212701549602,0.06190261846130273,1.8930088491996389,1.6315198880453667,0.9970424624358017,2.0120964799034963e6,393.0
32.0,0.002364583328104936,2.0615103297319584,0.01613111003527843,1.9401547177282736,0.8235328392448885,0.9863184886232289,1.4157904868602315e7,1409.0
64.0,0.0005966855658667344,1.9865432004933992,0.004102540337557671,1.9752562945640526,0.4163663272160675,0.9839727817788703,1.2051109249323872e8,5089.0
128.0,0.00014654326445632374,2.0256442185744934,0.001027100858831624,1.9979396610799112,0.20642288257811828,1.0122504917380013,9.420903105893444e8,19481.0
256.0,3.692148339791748e-5,1.9887942366438915,0.00025753856058160373,1.9957174932190034,0.10311228933075799,1.001386617517215,7.427974967666943e9,75897.0
