ns,el2s,eoc_l2,eh1s,eoc_eh1,ehs_energy,eoc_eh_energy,cond_numbers,ndofs
8.0,0.03252503875198164,NaN,0.2125512649328368,NaN,3.3628068689107242,NaN,490354.4471680745,183.0
16.0,0.010131681083051071,1.6826772049663516,0.06220151736197047,1.7727891653323662,1.668660701877705,1.010975291822016,2.27961483471162e6,477.0
32.0,0.002717213620565262,1.898673674656797,0.015737585392422457,1.9827355682542127,0.8147969666614804,1.0341781187220085,1.5858903376108117e7,1571.0
64.0,0.0008196707145619878,1.729011632213868,0.004235737866565375,1.8935289916657922,0.4073175160834719,1.0002867527987103,1.1983504952850854e8,5617.0
128.0,0.00023555448257420088,1.798983667197249,0.0011111374925141077,1.9305759619506875,0.20327650957640567,1.0027103481629558,9.258249605343736e8,20949.0
256.0,7.288391342289215e-5,1.6923884563026421,0.00029977731469228535,1.8900742291049115,0.10172696725596306,0.9987413280979478,7.283468575684666e9,81051.0
