ns,el2s,eh1s,ehs_energy,cond_numbers,ndofs
8,0.12485282013359456,0.7621211610548966,7.449024240862031,143653.9923381885,169.0
16,0.021519566026825893,0.18586984920759084,3.775104225092707,1.0179555234801028e6,577.0
32,0.006108410278138697,0.05567729731816812,1.8456105206495865,8.669349068830745e6,2033.0
64,0.0013316391108902747,0.01259148044540304,0.8627174111673411,6.997003264935452e7,7601.0
128,0.0002951129467558774,0.002695581170454147,0.4082356919935078,5.49530601235786e8,29345.0
256,6.955804210218113e-5,0.0006099332861921217,0.1985035554213105,4.352887810623424e9,115161.0
512,2.0358342512059304e-5,0.0001433590482844144,0.09770054621981272,3.4657725014261826e10,456449.0
