ns,el2s,eh1s,ehs_energy,cond_numbers,ndofs
8,0.17861237128211496,1.8757953479347662,26.169681044764648,1.8855785854148143e6,169.0
16,0.03864494765521616,0.47585628217006337,11.928804161283171,2.457095044073173e7,577.0
32,0.009127774349919298,0.11696924139869888,5.710074204166313,3.940046352001873e8,2033.0
64,0.002185541901527824,0.02865530624002336,2.80675452420527,6.146698874217182e9,7601.0
128,0.000526555309734439,0.006870239128487229,1.3910287705360238,9.485349407762204e10,29345.0
256,0.00012931785601033076,0.001683285287583208,0.693032901974755,1.4884183519942644e12,115161.0
512,3.2058856866503936e-5,0.0004145746896944986,0.34579918857213277,2.359918886339253e13,456449.0
1024,1.5188800557595998e-5,0.00010392229362005848,0.17274080459599794,3.757811478871971e14,1.816849e6
