ns,el2s,eoc_l2,eh1s,eoc_eh1,ehs_energy,eoc_eh_energy,cond_numbers,ndofs
8.0,0.03252503875204168,NaN,0.21255126493289656,NaN,3.3628068689107113,NaN,490354.4471523981,183.0
16.0,0.010131681082764833,1.6826772050097734,0.062201517361658576,1.772789165340006,1.668660701877285,1.0109752918223738,2.2604379937046287e6,477.0
32.0,0.0027172136197291625,1.8986736750599622,0.015737585391055527,1.9827355683722878,0.81479696666178,1.0341781187211148,1.5858903434111524e7,1571.0
64.0,0.0008196707177630907,1.7290116261357116,0.0042357378769898,1.8935289879899173,0.4073175160840801,1.0002867527970865,1.1983504959255093e8,5617.0
128.0,0.0002355544315829824,1.7989839851362406,0.001111137585093572,1.9305758452965718,0.20327650954088639,1.0027103484171977,9.258246579298431e8,20949.0
256.0,7.291071283640422e-5,1.691857762564766,0.0002997937591859777,1.889995211437406,0.10172697276074101,0.9987412497769288,7.283695437643244e9,81051.0
